GDP 2023,Corruption,Burglary,Theft,Homicide,Kidnapping,Serious Assault,Sexual Violence,GunOwnership_TotalCivilianFirearms_num_2017,GunOwnership_MilitaryFirearms_num_2017,GunOwnership_LawEnforcementFirearms_num_2017,Military,NaturalDisasterRisk_WorldRiskIndexTotal_2024,Active Police Force,Traffic Fatalities per 100k,Youth Unemployment Rate,Country
-0.7993770306560463,0.5402229353277291,7.275957614183426e-12,0.31305547164168285,0.029777603515249006,0.6965711824328028,0.6317347204625489,0.40458411222999197,2.079364770148443,0.07327912211749817,1.3730306163466868,2.5881909995300996,-0.45792124552265223,0.7121232806541739,1.5957825513668307,0.43506660433769256,Afghanistan
-0.7764306124671727,-0.792856174770477,0.0,0.31305547164168207,-1.2879786634799728,-1.547799970480491,-1.527018494007388,0.4045841122299915,-0.49726311971658044,-1.0664432996992639,-0.4954431488754048,-1.094240676852188,0.06766109064979323,-1.146484127276143,-0.3041748137809471,1.7343302678911312,Albania
0.03790291765451268,-0.007764654953184774,7.275957614183426e-12,0.31305547164168285,-0.7521876538225749,-1.174258935042877,-0.8469798409579276,-2.5207347359720833,-0.15796567927680252,1.2024301414696035,1.3730306163466868,2.377982374061049,0.9105761580961681,2.060070320685981,0.7672297154377246,2.0687941812811257,Algeria
1.267892037465696,0.5402229353277291,7.275957614183426e-12,0.31305547164168285,0.81724732231639,0.6965711824328028,0.6317347204625489,0.40458411222999197,-0.7223454445320384,0.8983728037578481,-0.923297065282117,0.7252003348239678,0.5700755857871628,0.7121232806541739,0.017744872672663215,0.15711504625592307,American Samoa
-0.5537397655033774,0.5402229353277291,7.275957614183426e-12,0.31305547164168285,0.81724732231639,0.6965711824328028,0.6317347204625489,0.40458411222999197,1.1972925980016271,-0.3977192169611307,0.43221473439668395,-0.27004138994116256,1.1039507912162185,0.7121232806541739,0.29581172258150895,1.7343302678911312,Angola
-0.8546158181298203,0.5402229353277291,7.275957614183426e-12,0.31305547164168285,-1.330569363770704,0.6965711824328028,0.6317347204625489,0.40458411222999197,-0.7193838349949929,-1.1449442506841996,-0.9072327458400881,-1.1527663876842185,-0.7603790050181162,-1.3451580537654684,-0.7755928066371627,0.15711504625592307,Antigua and Barbuda
1.4859218803449274,0.5402229353277291,7.275957614183426e-12,2.553458212050826,0.4395001403120827,-1.3777195841323007,0.6317347204625493,0.4045841122299915,1.3737015139039026,1.3573177629465436,1.3730306163466868,-0.3732553373387359,2.192302893007273,0.7121232806541739,-0.5898826882392595,0.4222026076688465,Argentina
-0.7744733752094366,0.5402229353277291,7.275957614183426e-12,0.31305547164168285,-1.292237733509046,0.6965711824328028,0.6317347204625489,0.40458411222999197,-0.6028509379938547,0.7291849189402982,-0.5180689509064313,0.8044422675822934,-0.8322747019473657,-1.0695780912157589,0.09581621046069021,0.5508425743573058,Armenia
-0.8487449107187192,0.5402229353277291,7.275957614183426e-12,0.31305547164168285,0.81724732231639,0.6965711824328028,0.6317347204625489,0.40458411222999197,-0.7206714913154475,0.8983728037578481,-0.9094953260431907,0.7252003348239678,0.5700755857871628,0.7121232806541739,0.017744872672663215,0.15711504625592307,Aruba
1.267892037465696,0.5402229353277291,0.0,0.31305547164168207,-1.1797982847415156,-0.8340981623464965,0.6317347204625493,0.4045841122299915,1.5777950406959513,-0.3563912951306606,0.635846952675923,-0.48403074608411684,0.5700755857871628,0.030605480203623917,-1.2041546183246312,-0.787013079202671,Australia
0.9975299697215734,1.7345646979968192,0.0,-2.5243613216799887,-1.2888304774857875,-1.549389506801502,-1.2894976472081692,-1.277043596804791,0.9365421931095778,-0.2592964627375062,-0.0678154904890029,-0.03828259963086047,-1.1917531865936137,-0.7192283713851205,-1.1898692246017157,-0.4911411558192145,Austria
-0.5990519449687958,-1.469704179397013,7.275957614183426e-12,0.31305547164168285,-1.1763910287182573,-1.5398522888754353,-1.515580008202726,0.4045841122299915,-0.489537181793853,0.834825275277008,-0.5180689509064313,2.413899315463135,-0.9264828565443135,0.7121232806541739,0.6100903844856526,-0.15667724242922038,Azerbaijan
-0.8098962329485511,-1.0771584194883668,0.0,0.31305547164168207,-1.2428325211717979,-1.5430313615174576,-1.3211257495234698,0.4045841122299915,-0.6749596919393104,-1.1374595504026028,-0.8122043773097766,-1.1449024678824986,-0.2843799081072221,-1.2938873630585457,0.4672364472564963,1.1425864211242187,Bahamas
-0.6945437001322454,0.5402229353277291,7.275957614183426e-12,0.31305547164168285,-1.3433465738579233,0.6965711824328028,0.6317347204625489,0.40458411222999197,-0.6060700787949912,-1.0515402006149428,-0.4728173468443782,-1.007586329806313,-1.2462947497813206,0.7121232806541739,-0.689880444299669,-1.1472049859303568,Bahrain
0.7276224825424937,0.5402229353277291,7.275957614183426e-12,0.31305547164168285,0.81724732231639,0.6965711824328028,0.6317347204625489,0.40458411222999197,-0.29832021820635013,0.36476620714907165,1.3730306163466868,0.56134128525028,0.5700755857871628,3.128209710413537,0.8100858966064716,0.12633068428539,Bangladesh
-0.837580254692246,-2.0643914435775534,0.0,0.31305547164168207,-1.31694033967767,-1.547799970480491,-1.4836762797234575,0.4045841122299915,-0.7161646941938564,-1.1403878657194677,-0.8800817834028563,-1.1468684478329285,-0.8694621313935293,-1.328196000256595,-0.4184579635642721,1.3098183778192154,Barbados
-0.6008646305879616,0.5402229353277291,7.275957614183426e-12,0.31305547164168285,0.81724732231639,0.6965711824328028,0.6317347204625489,0.40458411222999197,-0.34853881470407816,1.728716547096838,2.8079239476544724,2.20898371293755,-1.2909196651167167,-0.6963701884449508,-0.7898782003600783,-0.5811891325011361,Belarus
1.4812265730413678,0.5402229353277291,7.275957614183426e-12,0.31305547164168285,-1.23772163713691,0.6965711824328028,2.46604664993457,1.3624975895868459,0.21159168469365763,-0.8486429416033905,0.839479170955162,-0.9173024813134907,-0.2149633731410502,-0.5496078362963847,-1.1898692246017157,0.177786670960774,Belgium
-0.8508589733263897,-2.0669997210520292,0.0,0.31305547164168207,-1.23772163713691,-1.547799970480491,-1.468999186492174,0.4045841122299915,-0.6987813338677198,-1.1329657835012505,-0.8800817834028563,-1.1369629334673006,0.4965561102622132,-1.3302041023092828,0.6529465656543995,0.3450186276557707,Belize
-0.7904988388621342,0.5402229353277291,7.275957614183426e-12,0.31305547164168285,0.81724732231639,0.6965711824328028,0.6317347204625489,0.40458411222999197,-0.701356646508629,-1.1145118718817626,-0.3370625346582189,-1.0636167583935672,-1.040524306845882,0.7121232806541739,1.69578030742724,-1.3916209226384295,Benin
-0.8324162641394939,0.5402229353277291,7.275957614183426e-12,0.31305547164168285,-1.3382356898230356,0.6965711824328028,0.6317347204625489,0.40458411222999197,-0.7206714913154475,0.8983728037578481,-0.914020486449396,0.7252003348239678,0.5700755857871628,0.7121232806541739,0.017744872672663215,1.8758342312484366,Bermuda
1.267892037465696,0.5402229353277291,7.275957614183426e-12,0.31305547164168285,0.81724732231639,0.6965711824328028,0.6317347204625489,0.40458411222999197,-0.7187400068347656,-1.0905696711778359,-0.8348301793408031,0.7252003348239678,-1.1867948626674587,0.7121232806541739,-0.10417930166012855,1.8629702345795907,Bhutan
-0.6979760315951165,0.5402229353277291,7.275957614183426e-12,0.31305547164168285,0.81724732231639,0.6965711824328028,0.6317347204625489,0.40458411222999197,-0.5822484368665817,0.8983728037578481,0.02495029783820598,-0.6163563196707493,-0.6860041461257889,0.7121232806541739,0.017744872672663215,-1.2115249692745866,Bolivia
-0.762011793828329,-1.0510756447436063,0.0,0.31305547164168207,-1.31694033967767,-1.5319046072703797,-1.4862258217401594,0.4045841122299915,0.04033339407320048,-1.0460003437136034,-0.2691851285651392,-1.075337023482669,-0.8620246455042966,0.7121232806541739,0.11010160418360578,1.5156423245207504,Bosnia and Herzegovina
-0.791516268992027,0.5402229353277291,7.275957614183426e-12,0.31305547164168285,-1.1116531642763459,0.6965711824328028,0.6317347204625489,0.40458411222999197,-0.6601516442540829,-1.0835711817413036,-0.6764495651236172,-1.0866792155043803,-1.1471282712582176,-1.1763920301885147,0.5100926284252433,0.15711504625592307,Botswana
1.267892037465696,0.5402229353277291,7.275957614183426e-12,0.31305547164168285,0.8172473223163903,0.6965711824328028,0.6317347204625489,0.40458411222999197,2.079364770148443,3.701922226649677,1.3730306163466868,0.7252003348239678,1.780762007136396,0.7121232806541739,0.39580947864191823,0.40933861100000035,Brazil
-0.8070260156482497,0.5402229353277291,7.275957614183426e-12,0.31305547164168285,0.81724732231639,0.6965711824328028,0.6317347204625489,0.40458411222999197,2.079364770148443,0.8983728037578481,1.3730306163466868,0.7252003348239678,0.5700755857871628,0.7121232806541739,-1.332723161830872,0.15711504625592307,Brunei Darussalam
-0.48983944767700194,-1.330161334512544,0.0,-3.803023844027254,-1.2683869413462365,-1.444480109614768,-1.3482060201333026,-3.139644763921188,-0.3427443612620326,-0.49591907400215873,0.41863925317806805,-0.852651986789736,-0.876899617282762,-0.8392231504271142,-0.647024263130922,-0.34963719246190933,Bulgaria
-0.7881418499473151,0.5402229353277291,7.275957614183426e-12,0.31305547164168285,0.81724732231639,0.6965711824328028,0.6317347204625489,0.40458411222999197,-0.6099330477563548,-0.9852976563904174,0.04757609986923254,-1.0681536352022518,-0.9810244197320201,0.7121232806541739,2.1243421191147087,-0.8641970592157465,Burkina Faso
-0.8524023496594244,0.5402229353277291,7.275957614183426e-12,0.31305547164168285,0.81724732231639,0.6965711824328028,0.6317347204625489,0.40458411222999197,-0.569371873662036,-0.8667653458285164,-0.3760241657556466,-0.768719765829072,-0.7306290614611852,0.7121232806541739,-0.08989390793721272,-1.6746288493530401,Burundi
-0.7081507156887836,0.5402229353277291,7.275957614183426e-12,0.31305547164168285,0.81724732231639,0.6965711824328028,0.6317347204625489,0.40458411222999197,-0.2609781849131677,-0.19376850111860566,0.5227179425207902,0.29177518820094006,0.5411810255976096,0.009242692409072795,0.8386566840523026,-1.7904048193726534,Cambodia
-0.6829161133421227,0.5402229353277291,7.275957614183426e-12,0.31305547164168285,0.81724732231639,0.6965711824328028,0.6317347204625489,0.40458411222999197,-0.3942506140802152,-1.0457793387840288,-0.585946356999511,-0.894618097270068,1.346908663597821,0.7121232806541739,-0.33274560122677843,-1.0700210059172814,Cameroon
1.267892037465696,0.5402229353277291,0.0,0.31305547164168207,-0.666154439235298,0.6965711824328039,0.6317347204625493,0.4045841122299915,2.079364770148443,-0.2848262155188777,1.4051242217308257,-0.34187527274533447,3.203800973942923,0.0824102406054104,-1.1755838308788003,-0.5297331458257524,Canada
-0.8360586576547971,0.5402229353277291,7.275957614183426e-12,0.31305547164168285,0.81724732231639,0.6965711824328028,0.6317347204625489,0.40458411222999197,-0.7187400068347656,0.8983728037578481,-0.9162830666524987,0.7252003348239678,0.5700755857871628,0.7121232806541739,0.017744872672663215,-0.1180852524226825,Cayman Islands
-0.8527173189556718,0.5402229353277291,7.275957614183426e-12,0.31305547164168285,0.81724732231639,0.6965711824328028,0.6317347204625489,0.40458411222999197,-0.6620831287347647,-1.114953881740912,-0.6990753671546438,-1.0779835349544016,-0.6265042590119272,0.7121232806541739,1.8529196383793116,-0.5168691491569065,Central African Republic
-0.8142178586165149,0.5402229353277291,7.275957614183426e-12,0.31305547164168285,0.81724732231639,0.6965711824328028,0.6317347204625489,0.40458411222999197,-0.6253849236018096,-1.0543985310374424,-0.15605611841000647,-0.8133323877811366,-0.7504623571658059,0.7121232806541739,1.9243466069938897,-1.700356842690732,Chad
0.35736915537433706,-1.5949014981718637,0.0,-2.320495676588048,-0.5724548985956894,-0.9930517944476088,-0.7686331038500913,0.4045841122299915,0.7066955399084379,0.0022997055690882266,0.5679695465828433,0.06946822457539743,1.9270325629579728,-0.7106832562673001,-0.37560178239552516,0.9367624744226837,Chile
1.267892037465696,0.5402229353277291,7.275957614183426e-12,0.31305547164168285,0.81724732231639,0.6965711824328028,0.6317347204625489,0.40458411222999197,2.079364770148443,0.8983728037578477,1.3730306163466868,0.7252003348239678,0.5700755857871628,0.7121232806541739,0.6386611719314836,0.12633068428539,China
0.4589833097975799,0.5402229353277291,0.0,0.31305547164168207,0.8172473223163903,-1.0502751020040093,0.6317347204625493,0.40458411222999197,2.079364770148443,0.14517570912364314,1.3730306163466868,2.7473597609014493,0.5700755857871628,1.8464424427404695,0.4672364472564963,0.5894345643638437,Colombia
-0.8570895917115215,0.5402229353277291,7.275957614183426e-12,0.31305547164168285,0.81724732231639,0.6965711824328028,0.6317347204625489,0.40458411222999197,-0.714877037873402,-1.144347537374348,-0.8800817834028563,0.7252003348239678,-0.8149205682058227,-1.3472943325449236,2.295766843789696,-0.4911411558192145,Comoros
1.267892037465696,0.5402229353277291,7.275957614183426e-12,0.31305547164168285,0.81724732231639,0.6965711824328028,0.6317347204625489,0.40458411222999197,2.079364770148443,0.8983728037578481,1.3730306163466868,0.7252003348239678,0.5700755857871628,0.7121232806541739,0.6672319593773153,0.15711504625592307,Cook Islands
-0.5476588084831352,2.154497371387464,0.0,-3.8547963332977413,-0.8433317524447396,-1.5319046072703797,-1.0451550528507483,-0.08619220705924073,-0.405195692804079,0.8983728037578481,-0.5406947529374578,-1.0806300464261342,1.2898879384470365,-1.0482153034212078,0.3672386911960871,1.2069064044684483,Costa Rica
-0.5553055668312399,-0.8776251926909487,0.0,0.31305547164168207,-1.3160885256718553,-1.549389506801502,-1.4881552048879336,-2.9713403768741586,-0.35175795550521455,-0.8698594148425624,-0.04292710825487368,-0.8783609553722818,-0.29429655595953236,-0.9306345193999984,-0.689880444299669,0.5765705676949976,Croatia
1.267892037465696,0.5402229353277291,7.275957614183426e-12,0.31305547164168285,0.81724732231639,0.6965711824328028,0.6317347204625489,0.40458411222999197,-0.5719471863029452,2.3825227970886784,0.02495029783820598,0.7252003348239678,0.4544103568898945,0.7121232806541739,-1.0755860748183907,-1.507396892658043,Cuba
-0.7388545228129612,-2.051350056205173,0.0,0.31305547164168207,-1.330569363770704,-1.549389506801502,-1.525915989351517,0.4045841122299915,-0.5391119501313538,-0.781899452871829,-0.6764495651236172,-0.6575662840163006,-0.6116292872334618,-1.2938873630585457,-1.289866980662125,0.3578826243246168,Cyprus
0.6174244923212572,0.5402229353277291,0.0,-1.176572695937141,-1.312681269648597,0.6965711824328028,-1.4084303369602584,-0.3039115449543804,-0.3575524089472601,-0.6893720556898852,-0.4728173468443782,-0.7123868787879055,-1.2363781019290099,-1.1181784334483629,-1.518433280228775,-0.38822918246844723,Denmark
-0.847109703162052,0.5402229353277291,7.275957614183426e-12,0.31305547164168285,0.81724732231639,0.6965711824328028,0.6317347204625489,0.40458411222999197,-0.7045757873097653,-1.0734233720583317,-0.8122043773097766,-1.0556772239783694,1.2031172697393215,0.7121232806541739,1.4814994015835057,0.15711504625592307,Djibouti
-0.859627632000858,-2.0135300328252703,0.0,0.31305547164168207,-1.3356802478055918,-1.547799970480491,-1.487741765641982,0.4045841122299915,-0.7193838349949929,0.8983728037578481,-0.9117579062462934,0.7252003348239678,-0.8124414062427452,-1.3471661558181562,-0.2756040263351159,0.15711504625592307,Dominica
-0.4206599818638747,0.5402229353277291,7.275957614183426e-12,0.31305547164168207,-0.34587237304899976,0.6965711824328028,-1.3389725436403825,-0.11016579707466059,-0.2107595884154397,-0.7542922537524553,0.1154535059623122,-0.6174905388729205,1.8253869224717922,-0.6743665170165631,2.067200544223046,-0.3753651857996011,Dominican Republic
-0.4301051085526915,-0.7172161280106715,0.0,-3.935797341827264,0.7819293706495611,-0.27458137735058097,-1.1064818743335754,0.4045841122299915,-0.46378405538476175,-0.21219294541415037,0.002324495807179427,0.04564962132980358,0.5700755857871628,-0.5034642146601542,1.495784795306421,-0.9671090325665139,Ecuador
1.267892037465696,0.5402229353277291,7.275957614183426e-12,0.31305547164168285,0.81724732231639,0.6965711824328028,0.6317347204625489,0.40458411222999197,2.079364770148443,0.8983728037578477,1.3730306163466868,0.7252003348239678,3.1765301923490696,0.7121232806541739,-0.5041703259017658,0.5508425743573058,Egypt
-0.7383868480808897,-1.9744058707081293,0.0,0.31305547164168207,-0.419980191554872,-1.5382627525544241,-1.1418998364034327,-0.5113564871286258,-0.24810162170862207,-0.6756697500562534,-0.24655932653411267,-0.7660732543573393,2.2245319985272816,-0.8901306737415295,1.2243623145710243,-0.9671090325665139,El Salvador
-0.8171679608177447,0.5402229353277291,7.275957614183426e-12,0.31305547164168285,0.81724732231639,0.6965711824328028,0.6317347204625489,0.40458411222999197,-0.6504942218506736,-1.1363913599096584,-0.8800817834028563,-1.1437682486803276,-0.6736083363104011,0.7121232806541739,-0.17560627027470666,0.2163786609673114,Equatorial Guinea
1.267892037465696,0.5402229353277291,7.275957614183426e-12,0.31305547164168285,0.81724732231639,0.6965711824328028,0.6317347204625489,0.40458411222999197,-0.7077949281109018,1.3159898411160735,-0.6538237630925907,1.2781678210224379,0.37259801210833454,0.7121232806541739,0.6815173531002306,-0.606917125838828,Eritrea
-0.7119462163140019,-1.953539650912321,7.275957614183426e-12,0.31305547164168207,-1.3220512237125577,-1.5541581157645354,-1.5331511761556706,0.4045841122299915,-0.6807541453813559,-1.0037884021648344,-0.5180689509064313,-0.9687204184785823,-1.040524306845882,-1.263466753239105,-1.218440012047547,0.3064266376492333,Estonia
-0.2671030818603089,0.5402229353277291,7.275957614183426e-12,0.31305547164168285,0.81724732231639,0.6965711824328028,0.6317347204625489,0.40458411222999197,-0.4798797593904438,0.789445596404335,0.8621049729861885,-0.11125070163720353,-0.2744632602549118,0.7121232806541739,0.6815173531002306,-1.172932979268049,Ethiopia
-0.8478045743112698,0.5402229353277291,7.275957614183426e-12,0.31305547164168285,0.81724732231639,0.6965711824328028,0.6317347204625489,0.40458411222999197,-0.7193838349949929,0.8983728037578481,-0.920808227058704,0.7252003348239678,0.5700755857871628,0.7121232806541739,0.017744872672663215,0.15711504625592307,Faroe Islands
-0.8422271793797689,0.5402229353277291,7.275957614183426e-12,0.31305547164168285,0.81724732231639,0.6965711824328028,0.6317347204625489,0.40458411222999197,-0.7193838349949929,-1.0850445479384683,-0.8800817834028563,-1.0828984848304766,0.18170254095136157,-1.3158910344869335,-1.0898714685413065,0.06201070094116034,Fiji
0.21199997004176177,0.5402229353277291,0.0,-1.1903087892929565,-1.2837195934508998,-1.5509790431225132,-1.4236586825194772,-0.9531555031270778,0.43178091549138825,0.6031752749277864,-0.6085721590305375,1.0532143459251626,-1.097545031996666,-1.202027375541976,-1.2470107994933783,0.15205867762308198,Finland
1.267892037465696,1.4985155865567363,0.0,0.31305547164168207,-0.7189669075958046,0.6965711824328028,0.6317347204625493,0.4045841122299915,2.079364770148443,0.9398394509799228,1.3730306163466868,1.7231598213409134,0.38995214584987764,-0.14828223223038833,-1.1755838308788003,0.3064266376492333,France
1.267892037465696,0.5402229353277291,7.275957614183426e-12,0.31305547164168285,0.81724732231639,0.6965711824328028,0.6317347204625489,0.40458411222999197,-0.6871924269836287,0.8983728037578481,-0.8800817834028563,0.7252003348239678,0.5700755857871628,0.7121232806541739,0.017744872672663215,0.15711504625592307,French Guiana
1.267892037465696,0.5402229353277291,7.275957614183426e-12,0.31305547164168285,0.81724732231639,0.6965711824328028,0.6317347204625489,0.40458411222999197,-0.7180961786745383,0.8983728037578481,-0.9162830666524987,0.7252003348239678,0.5700755857871628,0.7121232806541739,0.017744872672663215,0.15711504625592307,French Polynesia
-0.7915441862862316,0.5402229353277291,7.275957614183426e-12,0.31305547164168285,0.81724732231639,0.6965711824328028,0.6317347204625489,0.40458411222999197,-0.6833294580222651,-1.1257831232900726,-0.8348301793408031,-1.1040705766043377,-0.21992169706720524,0.7121232806541739,-0.06132312049138158,2.8020419914053436,Gabon
-0.853296531857493,0.5402229353277291,7.275957614183426e-12,0.31305547164168285,0.81724732231639,0.6965711824328028,0.6317347204625489,0.40458411222999197,-0.6343985178449916,-1.1425794979377502,-0.8122043773097766,-1.1486831985564023,-0.2670257743656792,-1.2511617874694436,1.2957892831856024,-0.5297331458257524,Gambia
-0.7501534132524962,0.5402229353277291,7.275957614183426e-12,0.31305547164168285,0.81724732231639,0.6965711824328028,0.6317347204625489,0.40458411222999197,-0.46378405538476175,-0.9110031658983868,0.002324495807179427,-0.9577562995242612,-0.5521294001196,0.7121232806541739,-0.03275233304555044,1.9916102012680499,Georgia
1.267892037465696,0.5402229353277291,0.0,0.31305547164168207,-0.7521876538225749,0.6965711824328039,0.6317347204625493,0.4045841122299915,2.079364770148443,0.6325910310541798,1.3730306163466868,0.61124693014581,-0.4628795694488075,0.7121232806541739,-1.3755793429996186,-1.121476992592665,Germany
-0.584463711483798,0.5402229353277291,7.275957614183426e-12,0.31305547164168285,-0.8305545423575202,-1.3665928298852228,1.9717800313993812,-2.507524798616648,0.7453252295220748,-1.078046058501936,-0.2918109305961658,-1.037529716743631,-0.7504623571658059,-0.8666316071675233,1.8529196383793116,-1.1857969759368947,Ghana
1.267892037465696,0.5402229353277291,7.275957614183426e-12,0.31305547164168285,0.81724732231639,0.6965711824328028,0.6317347204625489,0.40458411222999197,-0.721959147635902,0.8983728037578481,-0.9117579062462934,0.7252003348239678,0.5700755857871628,0.7121232806541739,0.017744872672663215,0.15711504625592307,Gibraltar
0.022901192771312993,-1.079766696962843,0.0,-2.898591223870106,-1.2683869413462365,-1.4556068638618458,-1.456527102572633,0.4045841122299915,0.5135470918402532,1.2200737016806509,1.3146210136067196,1.6282634814259285,0.6552224758991778,-0.18302239774188733,-0.804163594082994,1.5285063211895966,Greece
1.267892037465696,0.5402229353277291,7.275957614183426e-12,0.31305547164168285,0.81724732231639,0.6965711824328028,0.6317347204625489,0.40458411222999197,-0.7142332097131746,0.8983728037578481,-0.9185456468556014,0.7252003348239678,0.5700755857871628,0.7121232806541739,0.017744872672663215,0.15711504625592307,Greenland
-0.8572191401751873,-2.0656955823147913,0.0,0.31305547164168207,-1.3399393178346648,-1.5541581157645354,-1.401953122107016,0.4045841122299915,-0.7193838349949929,0.8983728037578481,-0.9027075854338827,0.7252003348239678,-1.0281284970304938,-1.3387492174271032,-0.9327321375892345,0.15711504625592307,Grenada
1.267892037465696,0.5402229353277291,7.275957614183426e-12,0.31305547164168285,0.81724732231639,0.6965711824328028,0.6317347204625489,0.40458411222999197,-0.696849849387038,0.8983728037578481,-0.8800817834028563,0.7252003348239678,0.5700755857871628,0.7121232806541739,0.017744872672663215,0.15711504625592307,Guadeloupe
1.267892037465696,0.5402229353277291,7.275957614183426e-12,0.31305547164168285,0.81724732231639,0.6965711824328028,0.6317347204625489,0.40458411222999197,-0.7097264125915836,0.8983728037578481,-0.914020486449396,0.7252003348239678,0.5700755857871628,0.7121232806541739,0.017744872672663215,-0.2338612224422959,Guam
-0.4824185362885587,0.5402229353277291,7.275957614183426e-12,0.31305547164168285,1.690814914853764,-1.330033494501967,-0.05986042320699163,2.0244622281758886,0.6049706905925273,-0.5550010585084636,0.04757609986923254,-0.346412149554019,1.4361584942686132,0.7121232806541739,-0.04703772676846601,-1.134340989261511,Guatemala
1.267892037465696,0.5402229353277291,7.275957614183426e-12,0.31305547164168285,0.81724732231639,0.6965711824328028,0.6317347204625489,0.40458411222999197,2.079364770148443,0.8983728037578481,1.3730306163466868,0.7252003348239678,0.5700755857871628,0.7121232806541739,0.017744872672663215,-0.15667724242922038,Guernsey
-0.7813285960139226,0.5402229353277291,7.275957614183426e-12,0.31305547164168285,0.81724732231639,0.6965711824328028,0.6317347204625489,0.40458411222999197,-0.6389053149665825,-1.061544357093691,-0.6311979610615641,-1.0617263930566154,0.14451511150519789,-1.1443478484966878,0.017744872672663215,-0.9542450358976681,Guinea
-0.8545603505494522,0.5402229353277291,7.275957614183426e-12,0.31305547164168285,0.81724732231639,0.6965711824328028,0.6317347204625489,0.40458411222999197,-0.7039319591495381,-1.1087657437128202,-0.8348301793408031,-1.1210838646369048,-0.599233477418074,0.7121232806541739,2.51004774963343,-1.3787569259695838,Guinea-Bissau
-0.7996442926900712,-2.012225894088032,7.275957614183426e-12,0.31305547164168285,-1.2326107531020223,-1.5541581157645354,-1.4791973545589814,0.4045841122299915,-0.6440559402484008,-1.1064451919522857,-0.8348301793408031,-1.1239572199490717,0.34284806855140365,0.7121232806541739,0.3243825100273401,1.4384583445076748,Guyana
-0.7898636616077103,0.5402229353277291,7.275957614183426e-12,0.31305547164168285,0.031481231526878255,0.6965711824328028,0.6317347204625489,0.40458411222999197,-0.5352489811699901,-1.1451578887827885,-0.585946356999511,-1.153220075365087,0.9899093409146504,-1.1016222729075857,2.6243308994167553,2.840633981411881,Haiti
-0.7369881049437678,-1.0758542807511289,0.0,0.31305547164168207,2.0042824689935452,-1.5001138808501573,-1.3598512255609405,-1.7036756476914467,0.03131979983001853,-0.7497800697736384,-0.2691851285651392,-0.5275091488340103,2.688135285622787,0.7121232806541739,0.7958005028835557,-0.4782771591503686,Honduras
0.5219193251869336,0.5402229353277291,7.275957614183426e-12,0.31305547164168285,0.81724732231639,0.6965711824328028,0.6317347204625489,0.40458411222999197,-0.5519885133358994,0.8983728037578481,-0.2918109305961658,0.7252003348239678,0.5700755857871628,0.7121232806541739,0.017744872672663215,-0.5425971424945982,Hong Kong
-0.09015323053088155,0.5402229353277291,7.275957614183426e-12,-3.3313568063341474,-1.2803123374276413,-1.547799970480491,0.6317347204625489,-3.175849777413863,-0.06396676788361928,0.8983728037578481,-0.5406947529374578,-0.7025569790357556,-1.2438155878182429,-0.5866936359077254,-0.7898782003600783,-0.2467252191111418,Hungary
-0.7481645109840364,0.5402229353277291,0.0,0.31305547164168207,-1.3424947598521086,0.6965711824328028,-1.5299814752700416,-3.091208326951258,-0.6543571908120374,-1.1441633665997024,-0.9119841642666037,-1.1528420022976966,-0.9810244197320201,-1.3440258260123572,-1.5041478865058593,-0.7098290991895955,Iceland
1.267892037465696,0.5402229353277291,7.275957614183426e-12,0.31305547164168285,0.8172473223163903,0.6965711824328028,0.6317347204625489,0.40458411222999197,2.079364770148443,0.8983728037578477,1.3730306163466868,0.7252003348239678,0.5700755857871628,0.7121232806541739,0.23867014768984643,0.1391946809542361,India
4.121017738916555,-1.5922932206973874,7.275957614183426e-12,0.31305547164168285,0.81724732231639,-1.226713633636244,-0.9563345215121372,-0.5182060842758887,-0.6698090666574922,0.8983728037578477,1.3730306163466868,0.7252003348239678,0.5700755857871628,0.7121232806541739,-0.23274784516636893,-0.10522125575383662,Indonesia
0.04959394210927368,0.5402229353277291,7.275957614183426e-12,0.31305547164168285,0.81724732231639,0.6965711824328028,0.6317347204625489,0.40458411222999197,2.079364770148443,1.1040092794990006,0.3417115262725777,1.4237259519677337,0.8114096795730651,0.7121232806541739,1.2243623145710243,2.248890134644969,Iraq
1.1418416206692137,-2.056566611154125,0.0,-3.2756522292709644,-1.3254584797358162,-1.3952044836634232,-1.2023997793943566,-1.9527074296883593,-0.5024137449983986,-1.0484461316008968,-0.8574559813718297,-1.0522745663718558,-0.8471496737258312,-1.0440495598012705,-1.4470063116141967,-0.5425971424945982,Ireland
1.267892037465696,0.5402229353277291,7.275957614183426e-12,0.31305547164168285,0.81724732231639,0.6965711824328028,0.6317347204625489,0.40458411222999197,2.079364770148443,0.8983728037578481,1.3730306163466868,0.7252003348239678,0.5700755857871628,0.7121232806541739,0.017744872672663215,0.15711504625592307,Isle of Man
1.0045293210115547,0.5402229353277291,0.0,-3.2882873380448254,-1.1968345648578083,-0.648122412788195,-1.027170445651852,0.5244004529253307,-0.3639906905495329,2.599107628071891,0.002324495807179427,0.7252003348239678,-0.534775266378057,-0.8452688193729722,-1.2470107994933783,-1.121476992592665,Israel
1.267892037465696,0.5402229353277291,0.0,0.31305547164168207,-1.0860987441019072,-1.3665928298852228,2.5727139753900943,-0.5862127988094267,2.079364770148443,-0.9514839021654873,1.3730306163466868,1.5639910599695641,1.275012966668571,0.7121232806541739,-1.1327276497100531,1.026810451104605,Italy
-0.7914171627168002,-2.0604790273658393,7.275957614183426e-12,0.31305547164168285,-0.0886245432929836,-1.5287255346283575,-1.3109964879976548,-2.518288451276632,-0.5642212483802178,-1.1145818567761279,-0.6538237630925907,-1.1174543631899572,-0.6364209068642375,-1.1742557514090595,0.6958027468231465,-0.1180852524226825,Jamaica
1.267892037465696,0.5402229353277291,0.0,0.31305547164168207,-1.1014313962065705,-0.9358284868912083,-0.2879410738903146,-0.6326922080229958,-0.4798797593904438,1.5994802311125353,1.3730306163466868,1.2460316102942557,0.5700755857871628,0.7121232806541739,-1.4612917053371126,-1.3658929293007378,Japan
1.267892037465696,0.5402229353277291,7.275957614183426e-12,0.31305547164168285,0.81724732231639,0.6965711824328028,0.6317347204625489,0.40458411222999197,2.079364770148443,0.8983728037578481,1.3730306163466868,0.7252003348239678,0.5700755857871628,0.7121232806541739,0.017744872672663215,-0.15667724242922038,Jersey
-0.6767814531558655,-1.954843789649559,7.275957614183426e-12,0.31305547164168207,-1.2470915912008709,-1.2966532317607333,-1.4929786627573696,-2.87642453069066,0.22575590421865785,-0.0914432187255165,0.43221473439668395,0.21011140564461828,-0.5843585056396084,-0.823906031578421,0.09581621046069021,0.15711504625592307,Jordan
0.09247314557266349,0.5402229353277291,7.275957614183426e-12,0.31305547164168285,-0.8654789165959198,0.6965711824328028,0.6317347204625489,0.40458411222999197,-0.3981135830415789,0.23726477986193048,0.5453437445518168,-0.6216493426142147,-0.9983785534735632,0.7121232806541739,-0.10417930166012855,-1.4044849193072755,Kazakhstan
-0.46937561220769536,-1.9418024022771787,0.0,0.31305547164168207,1.037473572393948,-1.4619650091458902,0.002844529095674195,0.5958319660325001,-0.2397318556256674,-0.9778939912496647,0.24050631378779597,-0.9346938424134481,1.9394283727733603,0.6714891140401577,2.181483694006371,-0.32390919912421756,Kenya
-0.8609896479401965,0.5402229353277291,7.275957614183426e-12,0.31305547164168285,0.81724732231639,0.6965711824328028,0.6317347204625489,0.40458411222999197,-0.7220235304519247,0.8983728037578481,-0.920808227058704,0.7252003348239678,-0.7826914626858142,-1.3481915696322948,-0.9613029250350658,1.0010824577669133,Kiribati
-0.26707764288884994,0.5402229353277291,7.275957614183426e-12,0.31305547164168285,0.81724732231639,0.6965711824328028,0.6317347204625489,0.40458411222999197,-0.2815806860404408,-0.8423811352654405,-0.6764495651236172,-0.7895137845355428,-0.7926081105381245,-0.9734455461402789,-0.5327411133475972,0.03628270760346857,Kuwait
1.267892037465696,0.5402229353277291,7.275957614183426e-12,0.31305547164168285,0.81724732231639,0.6965711824328028,0.6317347204625489,0.40458411222999197,-0.612508360397264,-0.6124255060429582,-0.5180689509064313,-1.000478556139374,-0.8521079976519864,0.7121232806541739,0.052960029291943496,-0.8384690658780548,Kyrgyzstan
-0.7084697815570682,-1.7996512799182338,0.0,0.31305547164168207,-1.2956449895323043,-1.5446208978384688,-1.500420569184499,0.4045841122299915,-0.5906182029495364,-1.0436576914601117,-0.5406947529374578,-0.987548457234623,-0.7331082234242629,-1.2084362118803413,-0.44702875101010325,-0.28531720911767966,Latvia
1.267892037465696,0.5402229353277291,7.275957614183426e-12,0.31305547164168285,0.81724732231639,0.6965711824328028,0.6317347204625489,0.4045841122299915,0.5180538889618441,-0.6671610602676272,0.002324495807179427,-0.5498154598100428,-0.5199002945995915,0.7121232806541739,-0.46131414473301907,1.1554504177930645,Lebanon
-0.8543073623659225,0.5402229353277291,7.275957614183426e-12,0.31305547164168285,0.81724732231639,0.6965711824328028,0.6317347204625489,0.40458411222999197,-0.6550010189722646,-1.1377173894871067,-0.8122043773097766,-1.1396094449390333,-1.149607433221295,-1.3066195845840982,1.2386477082939402,1.2969543811503699,Lesotho
-0.8465955834168146,0.5402229353277291,7.275957614183426e-12,0.31305547164168285,0.81724732231639,0.6965711824328028,0.6317347204625489,0.40458411222999197,-0.6601516442540829,0.8983728037578481,-0.8122043773097766,-1.1395338303255553,-0.7083166037934872,-1.2703882964845394,0.3386679037502559,-1.5974448693399645,Liberia
1.267892037465696,-2.048741778730697,0.0,0.31305547164168207,-1.3424947598521086,-1.5541581157645354,-1.5341158677295579,0.4045841122299915,-0.7155208660336292,0.8983728037578481,-0.920808227058704,0.7252003348239678,-1.3033154749321045,-1.355177201241113,0.017744872672663215,0.15711504625592307,Liechtenstein
-0.5720368440868018,-1.2532171490155004,0.0,0.31305547164168207,-1.2828677794450851,-1.5525685794435244,-1.5295680360240897,0.4045841122299915,-0.47472913410862555,-0.8473169120259423,-0.5406947529374578,-0.8450905254419284,-0.9041703988766154,-1.2082866723657795,-0.9470175313121502,-0.10522125575383662,Lithuania
-0.5503587385222929,-2.061783166103077,0.0,0.31305547164168207,-1.3407911318404795,-1.4953452718871239,-1.500489475725491,0.4045841122299915,-0.6517818781711282,-1.1379383944166814,-0.8122043773097766,-1.1433901756129372,-1.3281070945628801,-1.3192663549584724,-1.289866980662125,0.5508425743573058,Luxembourg
-0.8046208689542919,0.5402229353277291,7.275957614183426e-12,0.31305547164168285,0.81724732231639,0.6965711824328028,0.6317347204625489,0.40458411222999197,-0.6144398448779458,-1.0532935063895688,-0.4728173468443782,-0.9914048025220049,0.5700755857871628,0.7121232806541739,1.3672162518001807,-1.1857969759368947,Madagascar
-0.8158066142551524,0.5402229353277291,7.275957614183426e-12,0.31305547164168285,0.81724732231639,0.6965711824328028,0.6317347204625489,0.40458411222999197,-0.692343052265447,-1.0563875754036147,-0.7352766504042862,-1.0420665935523157,-0.6438583927534701,0.7121232806541739,1.0386521961731212,-1.0185650192418978,Malawi
0.590579109154543,-0.987172846618943,7.275957614183426e-12,0.31305547164168285,-1.1372075844507845,0.6965711824328028,-1.2582829841388203,-1.8372427920630718,-0.582892265026809,0.4305704249299405,1.3824984196997994,2.110306642348661,2.1154488721518683,0.8210286286020155,0.13867239162943718,-0.28531720911767966,Malaysia
-0.8380521072666001,0.5402229353277291,7.275957614183426e-12,0.31305547164168285,0.81724732231639,0.6965711824328028,0.6317347204625489,0.40458411222999197,-0.7077949281109018,-1.111565139487433,-0.8574559813718297,0.7252003348239678,-1.2041489964090015,0.7121232806541739,-1.6612872174579312,0.023418710934622687,Maldives
-0.7869165028408439,0.5402229353277291,7.275957614183426e-12,0.31305547164168285,0.81724732231639,0.6965711824328028,0.6317347204625489,0.40458411222999197,-0.5899743747893091,-1.088359621882089,-0.8574559813718297,-0.997453971600251,-0.9116078847658481,-1.2084362118803413,1.0386521961731212,-1.3658929293007378,Mali
-0.7808589544386997,-2.0330921138838405,0.0,0.31305547164168207,-1.3424947598521086,-1.5541581157645354,-1.5264672416794525,0.4045841122299915,-0.6459874247290827,-1.1261256809309133,-0.8882949495401189,-1.1386264549638183,-1.223982292113622,-1.3173437040569629,-1.5755748551204374,-0.6969651025207494,Malta
-0.8610619996577432,0.5402229353277291,7.275957614183426e-12,0.31305547164168285,0.81724732231639,0.6965711824328028,0.6317347204625489,0.40458411222999197,-0.7224098273480611,0.8983728037578481,-0.9235233233024271,0.7252003348239678,-0.7058374418304095,-1.3551985640289075,-0.14703548282887527,1.4513223411765208,Marshall Islands
1.267892037465696,0.5402229353277291,7.275957614183426e-12,0.31305547164168285,0.81724732231639,0.6965711824328028,0.6317347204625489,0.40458411222999197,-0.7007128183484017,0.8983728037578481,-0.9027075854338827,0.7252003348239678,0.5700755857871628,0.7121232806541739,0.017744872672663215,0.15711504625592307,Martinique
-0.8232945416012032,0.5402229353277291,7.275957614183426e-12,0.31305547164168285,0.81724732231639,0.6965711824328028,0.6317347204625489,0.40458411222999197,-0.6453435965688554,-1.0625020451218483,-0.6990753671546438,-0.9970758985328606,0.8312429752776856,0.7121232806541739,-0.4898849321788502,1.1554504177930645,Mauritania
-0.8087840962862282,-1.2545212877527385,7.275957614183426e-12,0.31305547164168285,-1.3152367116660408,-1.5175987803812796,-1.5195765875802585,-3.109800090636686,-0.6543571908120374,-1.1287114386069375,-0.6764495651236172,-1.1354506411977392,-0.5917959915288411,-1.0914749487051738,-0.46131414473301907,0.7952585110653783,Mauritius
1.267892037465696,0.5402229353277291,0.0,0.31305547164168207,0.8172473223163903,-0.30160349480777005,0.6317347204625493,0.4045841122299915,2.079364770148443,2.151149052901425,1.3730306163466868,1.9409299081577716,0.5700755857871628,0.7121232806541739,-0.1327500891059597,-1.1086129959238193,Mexico
-0.8256798408023605,0.5402229353277291,7.275957614183426e-12,0.31305547164168285,0.81724732231639,0.6965711824328028,0.6317347204625489,0.40458411222999197,-0.7180961786745383,0.8983728037578481,-0.9027075854338827,0.7252003348239678,-1.434711058975216,-1.3472943325449236,-1.8469973358558343,1.5285063211895966,Monaco
-0.7881400199803666,-1.6301132440772903,7.275957614183426e-12,0.31305547164168285,-1.1687247026659255,-1.5509790431225132,-1.5127548400220563,-3.1430695624948197,-0.566796561021127,0.04465898373757366,-0.7669527732477235,0.011244972197279131,-0.9958993915104855,0.7121232806541739,-0.07560851421429715,-0.42682117247498486,Mongolia
-0.8346371104240266,-1.8348630258236605,0.0,0.31305547164168207,-1.3314211777765186,-1.5509790431225132,-1.5301192883520254,0.4045841122299915,-0.564865076540445,-1.126681876670343,-0.7443269712166969,-1.0605921738544442,-0.7603790050181162,-1.268038389827139,-0.5470265070705128,1.6957382778845933,Montenegro
1.267892037465696,0.5402229353277291,7.275957614183426e-12,0.31305547164168285,0.81724732231639,0.6965711824328028,0.6317347204625489,0.40458411222999197,-0.7224098273480611,0.8983728037578481,1.3730306163466868,0.7252003348239678,0.5700755857871628,0.7121232806541739,0.017744872672663215,0.15711504625592307,Montserrat
-0.33717291167449814,0.5402229353277291,7.275957614183426e-12,0.31305547164168285,-0.7342995597004679,-0.7005771113815621,2.0243557221762316,-0.5328837924485946,0.36546661498797817,1.019364391471888,1.1336145973585072,1.8380940338275886,1.106429953179296,0.7121232806541739,0.8100858966064716,1.0139464544357595,Morocco
-0.7858537847639632,0.5402229353277291,7.275957614183426e-12,0.31305547164168285,0.81724732231639,0.6965711824328028,0.6317347204625489,0.40458411222999197,0.13819527442774743,-0.9255526570953884,-0.382314138720272,-1.0700440005392036,0.5700755857871628,0.7121232806541739,1.024366802450206,-0.9156530458911303,Mozambique
-0.6193978797853472,0.5402229353277291,7.275957614183426e-12,0.31305547164168285,0.8172473223163903,0.6965711824328028,0.6317347204625489,0.40458411222999197,-0.15796567927680252,1.7592888956880057,0.7942275668931088,2.724297303790636,0.5700755857871628,0.6287635384510554,0.9100836526668808,-0.6455091158453659,Myanmar
-0.817118992676536,-1.9600603445985112,7.275957614183426e-12,0.31305547164168285,-1.0758769760321316,-1.444480109614768,-0.8860498497003578,-2.8030359898271295,-0.46764702434612543,-1.102798610614303,-0.585946356999511,-1.034505132204508,-0.14058851424872285,0.7121232806541739,1.2957892831856024,0.15711504625592307,Namibia
-0.861444055616312,0.5402229353277291,7.275957614183426e-12,0.31305547164168285,0.81724732231639,0.6965711824328028,0.6317347204625489,0.40458411222999197,2.079364770148443,0.8983728037578481,1.3730306163466868,0.7252003348239678,-1.2264614540766998,-1.356266703418635,-0.7041658380225846,0.15711504625592307,Nauru
-0.7133387160116026,0.5402229353277291,7.275957614183426e-12,0.31305547164168285,0.81724732231639,0.6965711824328028,0.6317347204625489,0.40458411222999197,-0.43674327265521584,-0.4705035071010675,0.4774663384587371,-0.31087328121932345,-0.80748308231659,0.34117768916080815,2.181483694006371,0.7309385277211486,Nepal
3.3331001100583855,0.5402229353277291,7.275957614183426e-12,0.31305547164168285,0.81724732231639,0.6965711824328028,0.6317347204625489,0.40458411222999197,-0.4380309289756704,-0.7462587245624147,1.24674360751364,-0.8084174379050617,-0.46040040748572975,-0.8156813582775189,-1.361293949276703,-0.7484210891961331,Netherlands
1.267892037465696,0.5402229353277291,7.275957614183426e-12,0.31305547164168285,0.81724732231639,0.6965711824328028,0.6317347204625489,0.40458411222999197,-0.6485627373699918,0.8983728037578481,-0.9094953260431907,0.7252003348239678,0.5700755857871628,0.7121232806541739,0.017744872672663215,2.3003461213203527,New Caledonia
0.05443824910280691,0.5402229353277291,7.275957614183426e-12,0.31305547164168285,-1.2956449895323043,-0.905627296791997,1.756791623504527,0.3086381427865519,0.05771675439933711,-1.0055564416014322,-0.6311979610615641,-1.0692878544044229,2.075782280742627,-1.2510549735304708,-0.9041613501434033,-0.5168691491569065,New Zealand
-0.7972104784993721,0.5402229353277291,7.275957614183426e-12,0.31305547164168285,-0.7019306274795122,0.6965711824328028,0.6317347204625489,0.40458411222999197,-0.5146464800427171,-0.1822394106257918,-0.7309777480183912,-1.0639948314609575,0.5700755857871628,0.7121232806541739,0.09581621046069021,-0.6712371091830576,Nicaragua
-0.8008811323715809,0.5402229353277291,7.275957614183426e-12,0.31305547164168285,0.81724732231639,0.6965711824328028,0.6317347204625489,0.40458411222999197,-0.6472750810495372,-1.1056348405438452,-0.6990753671546438,-1.0738247312131075,-0.9438369902858564,-1.1721194726296045,1.7100657011501552,-1.7904048193726534,Niger
0.4602625266480853,0.5402229353277291,7.275957614183426e-12,0.31305547164168285,0.81724732231639,0.6965711824328028,0.6317347204625489,0.40458411222999197,2.079364770148443,-0.3207358331592746,1.3730306163466868,0.5314735129264401,0.8337221372407632,0.7121232806541739,0.6100903844856526,-1.1472049859303568,Nigeria
1.267892037465696,0.5402229353277291,7.275957614183426e-12,0.31305547164168285,0.81724732231639,0.6965711824328028,0.6317347204625489,0.40458411222999197,2.079364770148443,0.8983728037578481,1.3730306163466868,0.7252003348239678,0.5700755857871628,0.7121232806541739,-1.8469973358558343,0.15711504625592307,Niue
1.267892037465696,0.5402229353277291,7.275957614183426e-12,0.31305547164168285,0.81724732231639,0.6965711824328028,0.6317347204625489,0.40458411222999197,-0.721959147635902,0.8983728037578481,-0.9235233233024271,0.7252003348239678,0.5700755857871628,0.7121232806541739,0.017744872672663215,0.15711504625592307,Northern Mariana Islands
0.9016831935419444,-2.0265714201976506,7.275957614183426e-12,-2.3691749234616153,-1.3194957816951138,0.6965711824328028,-1.4299980842907358,-0.5818094863576149,0.2669609064732039,-0.45169598759425994,-0.6311979610615641,-0.6764699373858195,-0.8322747019473657,-1.1407161745716141,-1.6327164300121,-0.4782771591503686,Norway
-0.4665700570696551,-2.0422210850445066,7.275957614183426e-12,0.31305547164168285,-1.3348284337997771,-1.549389506801502,-1.5370788489922114,0.4045841122299915,-0.21269107289612155,-0.7105885289290571,-0.22393352450308612,-0.7993436842876926,0.5188685679299115,0.7121232806541739,-0.2756040263351159,-1.0185650192418978,Oman
0.366014771531588,0.5402229353277291,0.0,0.45516509627554114,0.8172473223163903,0.6965711824328039,0.5079983811075898,-0.8523685736744963,2.079364770148443,0.8983728037578477,1.3730306163466868,0.7252003348239678,0.5700755857871628,0.7121232806541739,-0.14703548282887527,-0.6455091158453659,Pakistan
-0.8609800532352628,0.5402229353277291,7.275957614183426e-12,0.31305547164168285,0.81724732231639,0.6965711824328028,0.6317347204625489,0.40458411222999197,-0.7225385929801066,0.8983728037578481,-0.9246546134039785,0.7252003348239678,-0.9785452577689425,-1.356373517357608,1.3243600706314336,-1.172932979268049,Palau
-0.5592145141050906,-0.9702190430348486,7.275957614183426e-12,0.31305547164168207,-0.8757006846656953,-1.5430313615174576,-1.2173524987896076,-0.15126337995823752,-0.4418938979370341,0.8983728037578481,-0.24655932653411267,-0.9581343725916516,3.030259636527493,-1.1016222729075857,-0.804163594082994,0.24210665430500364,Panama
-0.7503299984761452,0.5402229353277291,7.275957614183426e-12,0.31305547164168285,0.81724732231639,0.6965711824328028,0.6317347204625489,0.40458411222999197,-0.671740551138174,-1.1200369951211302,-0.8167295377159819,-1.1275111067825412,0.5700755857871628,-1.244517960465338,0.2815263288585934,-1.4173489159761217,Papua New Guinea
-0.7058953086608695,-0.6415760812508658,0.0,-3.7940062560226724,-0.8969960348110608,-1.5287255346283575,-1.4984222794957327,-0.8078461922172879,0.011361126862972767,-0.27808188175135623,-0.45019154481335166,0.3065200378291648,-1.0702742504028127,0.7121232806541739,1.1529353459564462,-0.22099722577345002,Paraguay
0.11050210805947397,0.06005055938319263,7.275957614183426e-12,-1.6443600736747879,1.0860269707253816,0.14982482035938907,-1.3532361976257141,0.4045841122299915,-0.3150597503722595,0.5971713076743402,2.2875305009408615,1.4615332587067715,0.5700755857871628,0.8637542041911177,-0.03275233304555044,-0.761285085864979,Peru
0.7266448992107154,0.5402229353277291,7.275957614183426e-12,0.31305547164168285,0.81724732231639,0.6965711824328028,0.6317347204625489,0.40458411222999197,1.7084921572220897,0.5282914379568899,2.220626004335116,1.3889432297678188,0.5700755857871628,3.341837588359048,-0.46131414473301907,-1.0057010225730518,Philippines
2.0787444029459046,0.5402229353277291,0.0,-1.593583713311783,-1.1116531642763459,0.6965711824328028,-1.206465265312881,-1.834796507367621,-0.09937731669611982,-0.015012347247597124,3.328317394368083,0.27778648470749606,-0.3042132038118427,0.7783030530129132,-0.9184467438663189,-0.4010931791372931,Poland
0.1886760673527173,-1.7905223087575677,0.0,-2.7670759941637586,-1.274349639386939,-1.1901542982529882,-1.4949080459051438,-2.0769786922172706,0.6848053824607103,0.08237715838499025,1.088362993296454,0.8388469167148179,-0.21992169706720524,-0.3735143765058997,-0.8184489878059095,0.7052105343834568,Portugal
-0.43353210142208526,0.5402229353277291,0.0,0.31305547164168207,-0.8058519361888962,0.6965711824328028,-1.293287506962726,0.40458411222999197,-0.4509074921802161,0.8983728037578481,-0.3370625346582189,0.7252003348239678,0.5700755857871628,0.7121232806541739,-0.06132312049138158,-0.1309492490915286,Puerto Rico
-0.0879218693200568,-2.056566611154125,7.275957614183426e-12,0.31305547164168285,-1.3365320618114063,-1.5430313615174576,-1.537492288238163,0.40458411222999197,-0.4715099933074891,-1.0335503993475617,-0.8122043773097766,-0.9921609486567857,-1.2462947497813206,0.7121232806541739,-0.804163594082994,-1.8161328127103453,Qatar
1.267892037465696,0.5402229353277291,7.275957614183426e-12,0.31305547164168285,0.81724732231639,0.6965711824328028,0.6317347204625489,0.40458411222999197,-0.612508360397264,0.8983728037578481,-0.8800817834028563,0.7252003348239678,0.5700755857871628,0.7121232806541739,0.017744872672663215,0.15711504625592307,Reunion
0.41276433279551267,0.5402229353277291,0.0,-2.7525272693307863,-1.1363557704449698,-1.00894715765772,-1.5257092697285413,-2.259960787437006,-0.3968259267211243,-0.2618748535825444,1.3730306163466868,0.17835326798382647,-0.6810458221996337,-0.0762084587691317,-0.47559953845593467,0.8467144977407622,Romania
-0.8581684991680095,-2.0604790273658393,0.0,0.31305547164168207,-1.3322729917823333,-1.5509790431225132,-1.525915989351517,0.4045841122299915,-0.7213153194756747,0.8983728037578481,-0.9117579062462934,0.7252003348239678,-0.9487953142120116,-1.3483624719346512,1.4529286141376745,0.15711504625592307,Saint Kitts and Nevis
-0.8531728362179419,-2.0669997210520292,0.0,0.31305547164168207,-1.2845714074567143,-1.5382627525544241,-1.4500498877193906,0.4045841122299915,-0.7187400068347656,0.8983728037578481,-0.9027075854338827,0.7252003348239678,-0.7777331387596591,-1.3377451664007591,-0.5755972945163439,1.7343302678911312,Saint Lucia
-0.8581304745016404,-2.0656955823147913,0.0,0.31305547164168207,-1.31694033967767,-1.547799970480491,-1.5091027933494836,0.4045841122299915,-0.7200276631552202,0.8983728037578481,-0.9027075854338827,0.7252003348239678,-0.8273163780212106,-1.3432140400761643,-1.1612984371558843,0.15711504625592307,Saint Vincent and the Grenadines
-0.8585948212028024,0.5402229353277291,7.275957614183426e-12,0.31305547164168285,0.81724732231639,0.6965711824328028,0.6317347204625489,0.40458411222999197,-0.7097264125915836,0.8983728037578481,-0.9162830666524987,0.7252003348239678,-0.6785666602365562,-1.3360361433771952,-0.47559953845593467,0.6537545477080733,Samoa
1.267892037465696,0.5402229353277291,7.275957614183426e-12,0.31305547164168285,0.81724732231639,0.6965711824328028,0.6317347204625489,0.40458411222999197,-0.7193838349949929,0.8983728037578481,-0.9185456468556014,0.7252003348239678,-1.3925653056028973,-1.354557680395071,-1.0041591062038127,1.6314182945403637,San Marino
-0.8595368378688532,0.5402229353277291,7.275957614183426e-12,0.31305547164168285,0.81724732231639,0.6965711824328028,0.6317347204625489,0.40458411222999197,-0.7180961786745383,-1.1444580398391353,-0.920808227058704,0.7252003348239678,-1.3132321227844148,0.7121232806541739,-0.17560627027470666,0.8209865044030705,Sao Tome and Principe
3.017729546743446,0.5402229353277291,7.275957614183426e-12,0.31305547164168285,0.81724732231639,0.6965711824328028,0.6317347204625489,0.40458411222999197,2.079364770148443,0.6264544608429888,1.3730306163466868,0.7469751613389559,0.8362012992038407,0.7121232806541739,0.7958005028835557,0.20351466429846576,Saudi Arabia
-0.7498972082892206,0.5402229353277291,7.275957614183426e-12,0.31305547164168285,0.81724732231639,0.6965711824328028,0.6317347204625489,0.40458411222999197,-0.5146464800427171,-1.0864442458257748,-0.78957857527875,-1.0140891865654276,-0.07613030320870601,0.7121232806541739,1.1243645585106152,-1.3658929293007378,Senegal
-0.5663938139487472,-0.5398532597462997,0.0,0.31305547164168207,-1.278608709416012,-1.5319046072703797,-1.1757329480304755,-3.083380215925815,1.0279657918618519,0.2694283639460361,0.27609670038260076,-0.5346925371144275,-1.0628367645135801,-0.3966502756873986,-0.7898782003600783,1.2326343978061403,Serbia
-0.8542220047318204,0.5402229353277291,7.275957614183426e-12,0.31305547164168285,-1.3399393178346648,0.6965711824328028,0.6317347204625489,0.40458411222999197,-0.7200276631552202,-1.1436182211067514,-0.920808227058704,-1.1515565538685693,-0.842191349799676,0.7121232806541739,-0.9041613501434033,0.22924265763615753,Seychelles
-0.838702708074932,0.5402229353277291,7.275957614183426e-12,0.31305547164168285,0.81724732231639,0.6965711824328028,0.6317347204625489,0.40458411222999197,-0.7000689901881744,-1.1089867486423948,-0.6538237630925907,-1.090459946178284,-0.061255331430240666,0.7121232806541739,0.1243869979065216,-1.4302129126449674,Sierra Leone
0.9602546082567044,-0.648096774937056,0.0,0.31305547164168207,-1.3390875038288501,0.6965711824328028,-1.507517942906669,-2.4938256043221223,-0.7097264125915836,0.9682385844302726,-0.7217011691856703,1.1961259653987257,-1.2810030172644065,-1.102028165875682,-1.5755748551204374,-0.8256050692092086,Singapore
-0.3789982148917329,-1.8244299159257564,0.0,0.31305547164168207,-1.2973486175439337,-1.4667336181089237,-1.4603169623271897,-3.1181174586012195,-0.494043978915444,-1.0244523630800695,0.04757609986923254,-1.0348832052718984,-1.223982292113622,-0.893676896515425,-0.9327321375892345,0.6022985610326893,Slovakia
-0.610709201202258,-1.7435733142169987,0.0,0.31305547164168207,-1.3365320618114063,-1.547799970480491,-1.5302571014340092,0.4045841122299915,-0.5140026518824897,-0.6615033340705148,-0.6311979610615641,-1.043578885821877,-0.958711962064322,-1.2048045379552677,-1.0184444999267284,-0.6197811225076738,Slovenia
-0.8560686224683098,0.5402229353277291,7.275957614183426e-12,0.31305547164168285,0.81724732231639,0.6965711824328028,0.6317347204625489,0.40458411222999197,-0.721959147635902,0.8983728037578481,-0.9237495813227374,0.7252003348239678,2.17494875926573,-1.3271705864424563,-0.24703323888928477,-1.507396892658043,Solomon Islands
-0.8221432185291966,0.5402229353277291,7.275957614183426e-12,0.31305547164168285,0.81724732231639,0.6965711824328028,0.6317347204625489,0.40458411222999197,0.01458026766410918,-1.0079874958267538,-0.7443269712166969,-1.0050154329480585,0.5700755857871628,-1.2397967843627424,1.0386521961731212,2.5190340646907328,Somalia
0.5215086675048112,0.5402229353277291,7.275957614183426e-12,0.31305547164168285,0.8172473223163903,0.6965711824328028,0.6317347204625489,0.40458411222999197,2.079364770148443,0.14498048810251882,1.3730306163466868,-0.5467908752709196,0.9006595102438575,2.765042317906168,1.652924126258493,0.15711504625592307,South Africa
1.267892037465696,0.5402229353277291,0.0,-1.1851184334065987,-1.0971723261774973,-1.3999730926264564,-0.142754992020296,0.4045841122299915,1.5076177712311776,0.8983728037578477,1.3730306163466868,0.4430044151570915,0.9353677777269437,0.7121232806541739,-1.3470085555537876,1.7986502512353608,Spain
-0.5554397819651955,0.5402229353277291,7.275957614183426e-12,0.31305547164168285,0.81724732231639,0.6965711824328028,0.6317347204625489,0.40458411222999197,-0.40455186464385173,1.0272837347816484,2.106524084692649,1.5152196342762052,0.047827794945172634,0.5433123872728509,-0.2041770577205378,1.3612743644945995,Sri Lanka
-0.4649165239248257,0.5402229353277291,7.275957614183426e-12,0.31305547164168285,0.81724732231639,0.6965711824328028,0.6317347204625489,0.40458411222999197,1.0595133717129888,0.8983728037578481,1.9933950745375162,0.42788149246147633,1.074200847659288,0.7121232806541739,0.9529398338356277,0.44793060100653825,Sudan
-0.849447850753538,0.5402229353277291,7.275957614183426e-12,0.31305547164168285,-1.3143848976602261,0.6965711824328028,-1.4975264944628375,0.4045841122299915,-0.6659460976961284,-1.124512344945018,-0.8800817834028563,-1.1408192787546825,0.1965775127298269,0.7121232806541739,0.4672364472564963,1.3612743644945995,Suriname
1.2638214888147075,0.5402229353277291,0.0,0.31305547164168207,-1.2479434052066856,0.6965711824328028,-1.206603078394865,0.4045841122299915,0.7556264800857113,-0.6338998183666339,-0.06555291028590024,-0.7694759119638527,-0.6785666602365562,-0.9216835113140815,-1.5470040676746062,0.8853064877473001,Sweden
2.353990439992576,-1.9887513968177477,0.0,-1.3611711108448747,-1.3084221996195238,-1.5462104341594798,-1.4933231954623292,-1.915034645378414,0.7788042938538935,0.048651806131890026,-0.15605611841000647,0.4785432834917871,-1.219023968187467,-0.9813497776242628,-1.5041478865058593,-0.8641970592157465,Switzerland
-0.8181744303741749,0.5402229353277291,7.275957614183426e-12,0.31305547164168285,0.81724732231639,0.6965711824328028,0.6317347204625489,0.40458411222999197,-0.6987813338677198,-0.9384814454755087,-0.7217011691856703,-1.031480547665385,-0.894253751024305,0.7121232806541739,0.13867239162943718,0.28069864431154107,Tajikistan
1.009464481474584,0.5402229353277291,7.275957614183426e-12,-3.7788546110614867,0.81724732231639,-1.5398522888754353,-0.8894262702089629,-2.187550760451656,2.079364770148443,2.7313974954998175,1.3730306163466868,0.7252003348239678,0.5700755857871628,0.7121232806541739,1.7814926697647335,-1.2115249692745866,Thailand
-0.8544456251782122,0.5402229353277291,7.275957614183426e-12,0.31305547164168285,0.81724732231639,0.6965711824328028,0.6317347204625489,0.40458411222999197,-0.7206714913154475,-1.137249595719507,-0.8348301793408031,0.7252003348239678,0.39243130781295515,0.7121232806541739,-0.1327500891059597,-1.4816688993203513,Timor-Leste
-0.8286746935377697,0.5402229353277291,7.275957614183426e-12,0.31305547164168285,0.81724732231639,0.6965711824328028,0.6317347204625489,0.40458411222999197,-0.6852609425029469,-1.0992256975861787,-0.8122043773097766,-1.084410777100038,-1.0876283841443557,-1.2725245752639947,1.3957870392460117,-1.468804902651505,Togo
1.267892037465696,0.5402229353277291,7.275957614183426e-12,0.31305547164168285,0.81724732231639,0.6965711824328028,0.6317347204625489,0.40458411222999197,-0.7168085223540838,0.8983728037578481,-0.920808227058704,0.7252003348239678,-0.4827128651534281,-1.3490460811440768,-0.6327388694080065,-1.0314290159107438,Tonga
-0.7625296468952616,0.5402229353277291,7.275957614183426e-12,0.31305547164168285,-0.9625857132587868,0.6965711824328028,0.6317347204625489,0.40458411222999197,-0.6949183649063562,-1.118213704452139,-0.7217011691856703,-1.1241084491760278,-0.7355873853873404,-1.2191176057776167,-1.1327276497100531,-0.5940531291699821,Trinidad and Tobago
-0.6856410471682547,0.5402229353277291,7.275957614183426e-12,0.31305547164168285,0.81724732231639,0.6965711824328028,0.6317347204625489,0.40458411222999197,-0.6434121120881735,-0.8960116648422359,0.7263501608000292,-0.7932945152094465,0.9775135310992624,-1.0375339095239322,0.48152184097941214,0.15711504625592307,Tunisia
1.267892037465696,0.5402229353277291,0.0,1.0678105882960818,0.49997893472492094,0.6965711824328028,0.6317347204625489,0.40458411222999197,2.079364770148443,0.8983728037578477,1.3730306163466868,0.7252003348239678,2.1104905482257132,0.7121232806541739,-0.9184467438663189,0.15711504625592307,Turkey
-0.6416706509223051,0.5402229353277291,7.275957614183426e-12,0.31305547164168285,0.81724732231639,0.6965711824328028,0.6317347204625489,0.40458411222999197,-0.7077949281109018,-0.4662307451292898,-0.31443673262719235,-0.8409317217006342,-1.1694407289259157,0.7121232806541739,-0.7041658380225846,-0.7226930958584413,Turkmenistan
-0.8569090716095721,0.5402229353277291,7.275957614183426e-12,0.31305547164168285,-1.3322729917823333,0.6965711824328028,0.6317347204625489,0.40458411222999197,-0.721959147635902,0.8983728037578481,-0.9230708072618067,0.7252003348239678,0.5700755857871628,0.7121232806541739,0.017744872672663215,0.15711504625592307,Turks and Caicos Islands
-0.861777996547787,0.5402229353277291,7.275957614183426e-12,0.31305547164168285,0.81724732231639,0.6965711824328028,0.6317347204625489,0.40458411222999197,-0.7225385929801066,0.8983728037578481,-0.9247451166121027,0.7252003348239678,-1.1000241939597435,-1.3564376057209915,0.7100881405460618,0.7566665210588408,Tuvalu
-0.684771178089085,0.5402229353277291,7.275957614183426e-12,0.31305547164168285,1.9880980028830675,0.6965711824328028,0.6317347204625489,0.40458411222999197,-0.5094958547608988,-0.7168503352670071,0.29645992221052464,-0.7282659476183014,-0.7826914626858142,0.7121232806541739,0.4386656598106652,-1.3144369426253542,Uganda
-0.21237658597462475,0.5402229353277291,7.275957614183426e-12,0.31305547164168285,0.08088644386412638,0.6965711824328028,0.6317347204625489,0.40458411222999197,2.079364770148443,0.8983728037578477,1.3730306163466868,0.7252003348239678,-0.3860255485934026,1.8891680183295718,-0.347030994949694,0.5637065710261518,Ukraine
1.006415439038294,-1.957452067124035,7.275957614183426e-12,0.31305547164168285,-1.3067185716078946,-1.330033494501967,-1.528258811745243,0.40458411222999197,0.28756340760047694,-0.543214128931146,0.002324495807179427,-0.6783603027227715,-0.3537964430733942,0.7121232806541739,-1.0041591062038127,-0.5168691491569065,United Arab Emirates
1.267892037465696,-1.911807211320704,0.0,-3.2741318219911224,-1.1289733823945767,1.6678320069250119,0.6317347204625493,0.4045841122299915,1.595178401022088,0.8413080865445328,0.1154535059623122,0.9250702604638676,-0.0662136553563957,-1.0450341901114375,-1.5041478865058593,-0.28531720911767966,United Kingdom
1.267892037465696,0.5402229353277291,0.0,0.31305547164168207,0.8172473223163903,0.6965711824328039,0.6317347204625493,0.40458411222999197,2.079364770148443,0.8983728037578477,1.3730306163466868,0.7252003348239678,0.5700755857871628,0.7121232806541739,0.18152857279818388,-0.8770610558845924,United States
-0.581300432965811,-1.5388235324706285,7.275957614183426e-12,-1.489671739910156,-1.0835433020844634,-1.5303150709493687,-1.4975264944628375,-2.896484065193358,0.048703160156155154,-0.9177069820954863,-0.24655932653411267,-0.9853556334437589,-0.24719247866105862,-0.7170920926056654,0.010103848123196528,1.4770503345142127,Uruguay
-0.49280490492135537,0.5402229353277291,7.275957614183426e-12,0.31305547164168285,-0.9361794790785335,-1.4667336181089237,-1.447362532620705,0.40458411222999197,-0.6408367994472645,-0.15792886837257405,2.468536917189074,-0.6405529959837336,-1.1025033559228212,0.7121232806541739,-0.5184557196246814,-0.4782771591503686,Uzbekistan
-0.8579111527871577,0.5402229353277291,7.275957614183426e-12,0.31305547164168285,0.81724732231639,0.6965711824328028,0.6317347204625489,0.40458411222999197,-0.7155208660336292,0.8983728037578481,-0.91741435675405,0.7252003348239678,1.391533578933217,-1.3456921234603323,-0.06132312049138158,-0.5168691491569065,Vanuatu
1.267892037465696,0.5402229353277291,7.275957614183426e-12,0.31305547164168285,0.81724732231639,0.6965711824328028,0.6317347204625489,0.40458411222999197,2.079364770148443,0.15479310697563578,2.9889303639026847,1.4993405654458094,0.5700755857871628,0.7121232806541739,0.017744872672663215,-0.5040051524880604,Venezuela
1.267892037465696,0.5402229353277291,7.275957614183426e-12,0.31305547164168285,0.81724732231639,0.6965711824328028,0.6317347204625489,0.40458411222999197,2.079364770148443,-1.0415802451221094,1.3730306163466868,-0.8522739137223456,0.5700755857871628,0.7121232806541739,2.410049993573021,2.3132101179891986,Yemen
-0.7617822107632217,0.5402229353277291,7.275957614183426e-12,0.31305547164168285,0.81724732231639,0.6965711824328028,0.6317347204625489,0.40458411222999197,-0.6208781264802187,-0.9953902148409957,-0.5633205549684844,-1.0072838713524008,-0.7529415191288834,0.7121232806541739,0.5958049907627372,-0.6326451191765197,Zambia
-0.7339686515418626,0.5402229353277291,7.275957614183426e-12,0.31305547164168285,0.81724732231639,0.6965711824328028,0.6317347204625489,0.40458411222999197,-0.4296611628927158,-0.8092303958292345,-0.4049399407512986,-0.7706101311660238,-0.8297955399842881,-0.28983633671464293,2.4243353872959363,-0.053765269078452846,Zimbabwe
